Workbook

Sheet Huong_dan
A1: CÔNG CỤ ĐÁNH GIÁ GEN QUIZ — Bước 1 (Section 16)
A3: Mục đích: đo chất lượng câu quiz do pipeline AI sinh ra, so sánh giữa các version prompt (v1→v5).
A4: Đây là TẦNG RUBRIC (người chấm). Tầng tự động (% JSON hợp lệ, % câu đúng 1 đáp án, % trùng, % tình huống) đo bằng code khi chạy pipeline — không nằm trong file này.
A6: CÁCH DÙNG:
A7: 1. Chạy pipeline (v1, rồi v2...) trên bộ jd_test_set.json → sinh câu quiz.
A8: 2. Với mỗi câu, mở sheet 'Cham_diem', điền: Version, JD_id, Skill, tóm tắt câu hỏi, và CHẤM 5 tiêu chí (0-5).
A9: 3. Cột 'Diem_TB' và 'Dat' tự tính. 'Dat' = 1 nếu điểm TB câu >= 4 (ngưỡng đạt, sửa được ở công thức nếu muốn).
A10: 4. Sheet 'Tong_hop_version' tự tổng hợp pass-rate + điểm TB cho từng version.
A12: NGUYÊN TẮC (slide môn học):
A13: - Mọi version chạy trên CÙNG bộ JD test. Mỗi version chỉ đổi ĐÚNG 1 yếu tố so với bản trước.
A14: - Pass-rate là con số định lượng chốt cho gen quiz (thay vai trò F1 — F1 để dành cho CV scoring).
A15: - Ghi số NGAY lúc chạy, đừng để tới lúc viết báo cáo mới nhớ lại.
A17: LƯU Ý: 3 dòng nền vàng trong 'Cham_diem' là VÍ DỤ minh họa cách điền — xóa đi khi chạy thật.

Sheet Rubric
A1: RUBRIC CHẤM 1 CÂU MCQ — mỗi tiêu chí thang 0-5
A3: Tiêu chí | B3: Hỏi gì | C3: 0 điểm | D3: 5 điểm
A4: Correctness (Tính đúng) | B4: Có đúng MỘT đáp án đúng không? | C4: Sai đáp án / nhiều đáp án đúng | D4: Đúng duy nhất 1 đáp án
A5: Relevance (Bám JD) | B5: Câu có khớp skill trong JD không? | C5: Lạc đề hoàn toàn | D5: Đúng skill, đúng trọng tâm vị trí
A6: Distractor (Đáp án nhiễu) | B6: 3 đáp án sai có hợp lý không? | C6: Lộ liễu, dễ loại ngay | D6: Đều hợp lý, dựa lỗi hiểu sai thật
A7: Tình huống | B7: Câu áp dụng hay hỏi thuộc lòng? | C7: Tra Google 10s ra đáp án | D7: Tình huống, phải hiểu mới làm được
A8: Rõ ràng | B8: Câu chữ rõ, đúng độ khó cấp vị trí? | C8: Mơ hồ / sai cấp vị trí | D8: Rõ ràng, đúng cấp Junior/Senior
A10: Khuyến nghị slide: chọn 3-5 tiêu chí. Gọn thì lấy 3 cái đầu (Correctness, Relevance, Distractor).

Sheet Cham_diem
A1: CHẤM ĐIỂM CHI TIẾT TỪNG CÂU
A3: STT | B3: Version | C3: JD_id | D3: Skill | E3: Câu hỏi (tóm tắt) | F3: Correctness | G3: Relevance | H3: Distractor | I3: Tình huống | J3: Rõ ràng | K3: Điểm TB | L3: Đạt | M3: Ghi chú
A4: 1 | B4: v1_baseline | C4: dev_dotnet_junior | D4: C# OOP | E4: Tính đóng gói (encapsulation) trong C# là gì? | F4: 2 | G4: 4 | H4: 1 | I4: 1 | J4: 3 | K4: =IFERROR(AVERAGE(F4:J4),"") -> 2.2 | L4: =IF(K4="","",IF(K4>=4,1,0)) -> 0 | M4: Hỏi định nghĩa, distractor lộ
A5: 2 | B5: v1_baseline | C5: dev_dotnet_junior | D5: SQL | E5: Lệnh nào lấy dữ liệu từ bảng? | F5: 5 | G5: 3 | H5: 2 | I5: 1 | J5: 4 | K5: =IFERROR(AVERAGE(F5:J5),"") -> 3 | L5: =IF(K5="","",IF(K5>=4,1,0)) -> 0 | M5: Đúng nhưng quá dễ, không tình huống
A6: 3 | B6: v1_baseline | C6: ketoan_tonghop_mid | D6: Thuế GTGT | E6: Thuế suất GTGT phổ thông hiện hành là bao nhiêu? | F6: 5 | G6: 4 | H6: 3 | I6: 2 | J6: 4 | K6: =IFERROR(AVERAGE(F6:J6),"") -> 3.6 | L6: =IF(K6="","",IF(K6>=4,1,0)) -> 0 | M6: Ổn nhưng vẫn là câu nhớ
K7: =IFERROR(AVERAGE(F7:J7),"") | L7: =IF(K7="","",IF(K7>=4,1,0))
K8: =IFERROR(AVERAGE(F8:J8),"") | L8: =IF(K8="","",IF(K8>=4,1,0))
K9: =IFERROR(AVERAGE(F9:J9),"") | L9: =IF(K9="","",IF(K9>=4,1,0))
K10: =IFERROR(AVERAGE(F10:J10),"") | L10: =IF(K10="","",IF(K10>=4,1,0))
K11: =IFERROR(AVERAGE(F11:J11),"") | L11: =IF(K11="","",IF(K11>=4,1,0))
K12: =IFERROR(AVERAGE(F12:J12),"") | L12: =IF(K12="","",IF(K12>=4,1,0))
K13: =IFERROR(AVERAGE(F13:J13),"") | L13: =IF(K13="","",IF(K13>=4,1,0))
K14: =IFERROR(AVERAGE(F14:J14),"") | L14: =IF(K14="","",IF(K14>=4,1,0))
K15: =IFERROR(AVERAGE(F15:J15),"") | L15: =IF(K15="","",IF(K15>=4,1,0))
K16: =IFERROR(AVERAGE(F16:J16),"") | L16: =IF(K16="","",IF(K16>=4,1,0))
K17: =IFERROR(AVERAGE(F17:J17),"") | L17: =IF(K17="","",IF(K17>=4,1,0))
K18: =IFERROR(AVERAGE(F18:J18),"") | L18: =IF(K18="","",IF(K18>=4,1,0))
... K63: =IFERROR(AVERAGE(F63:J63),"") | L63: =IF(K63="","",IF(K63>=4,1,0))

Sheet Tong_hop_version
A1: TỔNG HỢP & SO SÁNH CÁC VERSION PROMPT
A3: Version | B3: Đổi gì so với bản trước | C3: Số câu chấm | D3: Số câu đạt | E3: Pass-rate | F3: Điểm TB / 5
A4: v1_baseline | B4: Gửi JD → gen 10 câu (1 phát) — MỐC GỐC | C4: =COUNTIF(Cham_diem!$B$4:$B$63,$A4) -> 3 | D4: =COUNTIFS(Cham_diem!$B$4:$B$63,$A4,Cham_diem!$L$4:$L$63,1) -> 0 | E4: =IFERROR(D4/C4,"") -> 0 | F4: =IFERROR(AVERAGEIF(Cham_diem!$B$4:$B$63,$A4,Cham_diem!$K$4:$K$63),"") -> 2.9333333
A5: v2_skill_extraction | B5: Thêm bước trích skill → gen theo từng skill | C5: =COUNTIF(Cham_diem!$B$4:$B$63,$A5) -> 0 | D5: =COUNTIFS(Cham_diem!$B$4:$B$63,$A5,Cham_diem!$L$4:$L$63,1) -> 0 | E5: =IFERROR(D5/C5,"") | F5: =IFERROR(AVERAGEIF(Cham_diem!$B$4:$B$63,$A5,Cham_diem!$K$4:$K$63),"")
A6: v3_fewshot | B6: Thêm 1-2 câu mẫu (few-shot) vào prompt gen | C6: =COUNTIF(Cham_diem!$B$4:$B$63,$A6) -> 0 | D6: =COUNTIFS(Cham_diem!$B$4:$B$63,$A6,Cham_diem!$L$4:$L$63,1) -> 0 | E6: =IFERROR(D6/C6,"") | F6: =IFERROR(AVERAGEIF(Cham_diem!$B$4:$B$63,$A6,Cham_diem!$K$4:$K$63),"")
A7: v4_situational | B7: Ép câu tình huống + ràng buộc distractor hợp lý | C7: =COUNTIF(Cham_diem!$B$4:$B$63,$A7) -> 0 | D7: =COUNTIFS(Cham_diem!$B$4:$B$63,$A7,Cham_diem!$L$4:$L$63,1) -> 0 | E7: =IFERROR(D7/C7,"") | F7: =IFERROR(AVERAGEIF(Cham_diem!$B$4:$B$63,$A7,Cham_diem!$K$4:$K$63),"")
A8: v5_self_critique | B8: Thêm lượt AI tự soát rồi sửa | C8: =COUNTIF(Cham_diem!$B$4:$B$63,$A8) -> 0 | D8: =COUNTIFS(Cham_diem!$B$4:$B$63,$A8,Cham_diem!$L$4:$L$63,1) -> 0 | E8: =IFERROR(D8/C8,"") | F8: =IFERROR(AVERAGEIF(Cham_diem!$B$4:$B$63,$A8,Cham_diem!$K$4:$K$63),"")
A10: Pass-rate = % câu đạt (điểm TB câu >= 4). Đây là con số chốt để chứng minh cải tiến qua từng version.
A11: Lưu ý: chỉ đổi 1 yếu tố mỗi version; chạy cùng bộ JD; điền điểm vào sheet Cham_diem thì bảng này tự cập nhật.
